id|first_name|last_name|email|gender|ip_address1|ip_address2|ip_address3|ip_address4|ip_address5|ip_address6|ip_address7|ip_address8
1|Lucila|Pleven|lpleven0@census.gov|Female|219.111.167.31|232.201.60.144|121.170.125.185|62.116.102.161|168.0.129.6|248.49.101.216|93.18.169.75|123.62.189.64
2|Silvain|Dicke|sdicke1@bizjournals.com|Male|193.238.72.114|195.114.248.79|94.0.109.91|244.159.49.95|41.189.185.253|203.78.73.62|53.121.140.236|206.115.23.64
3|Jess|Sowthcote|jsowthcote2@who.int|Female|95.67.179.37|54.93.95.214|186.80.125.180|252.225.72.42|89.176.170.128|254.69.56.89|162.197.100.79|12.9.183.26
4|Dannie|Colledge|dcolledge3@seesaa.net|Female|184.59.123.173|10.120.100.196|115.9.145.133|90.4.61.168|153.77.154.113|137.222.171.255|33.78.59.38|173.159.130.206
5|Hestia|Kalinovich|hkalinovich4@ameblo.jp|Female|228.211.162.88|41.176.88.4|233.232.220.179|249.68.64.135|235.176.51.215|135.201.14.132|241.172.49.55|82.135.83.182
6|Nessy|Treherne|ntreherne5@fc2.com|Female|219.182.116.60|240.46.74.187|108.175.196.80|60.228.11.240|87.136.133.243|52.20.101.224|228.127.85.249|92.178.140.113
7|Eliza|Wessing|ewessing6@nydailynews.com|Bigender|228.137.37.255|130.241.120.9|109.207.211.195|42.54.23.229|21.156.7.8|69.47.102.7|180.89.120.26|52.4.46.71
8|Ezekiel|Ewles|eewles7@weibo.com|Male|142.242.25.194|124.185.126.36|169.94.69.107|157.219.37.56|204.17.63.25|103.228.124.222|98.53.151.220|173.77.71.124
9|Sara|Coom|scoom8@arstechnica.com|Female|106.25.64.164|5.9.240.153|142.78.109.91|144.161.233.103|241.246.162.85|22.249.66.123|127.240.6.200|108.240.68.25
10|Rickard|Fidock|rfidock9@arstechnica.com|Non-binary|26.169.19.164|93.242.47.123|165.129.157.6|243.2.150.76|232.1.224.167|191.96.121.206|38.94.72.227|208.72.79.90
11|Abagael|Waylett|awayletta@oakley.com|Female|16.246.27.10|54.138.117.254|169.85.87.70|208.32.104.229|37.167.71.214|216.180.202.221|29.4.15.185|41.31.119.216
12|Cassandra|Wannell|cwannellb@ovh.net|Bigender|38.123.84.21|201.51.217.25|194.116.91.133|125.62.208.152|192.196.50.244|105.235.232.39|82.30.37.143|157.203.18.48
